{"cameraMode":{"drawMode":0,"name":"Shaded","section":"Shading Mode"},"sceneLighting":false,"audioPlay":false,"sceneViewState":{"showFog":true,"showMaterialUpdate":false,"showSkybox":true,"showFlares":true,"showImageEffects":true,"showParticleSystems":true},"in2DMode":false,"pivot":{"x":-1.3221940994262696,"y":9.477081298828125,"z":6.350364685058594},"rotation":{"x":0.23231706023216248,"y":0.2527139186859131,"z":-0.06264758110046387,"w":0.9371456503868103},"size":35.59907531738281,"orthographic":false}