{"cameraMode":{"drawMode":0,"name":"Shaded","section":"Shading Mode"},"sceneLighting":false,"audioPlay":false,"sceneViewState":{"showFog":true,"showMaterialUpdate":false,"showSkybox":false,"showFlares":true,"showImageEffects":true,"showParticleSystems":true},"in2DMode":false,"pivot":{"x":0.0,"y":0.9195653200149536,"z":0.16133713722229005},"rotation":{"x":0.012196068651974202,"y":0.987500786781311,"z":-0.0983949676156044,"w":0.12270048260688782},"size":4.494190216064453,"orthographic":false}